{
  "feature_order": [
    "fft_high_ratio",
    "fft_mid_ratio",
    "fft_peak_ratio",
    "lap_var",
    "sat_mean",
    "sat_std",
    "bright_ratio",
    "blue_dominance"
  ],
  "mean": [
    0.4882080330104462,
    0.35873724934734724,
    27.40687429039206,
    0.8544613181142345,
    0.2981326055198454,
    0.20480637792693746,
    0.041882591247558595,
    -0.06768879998898973
  ],
  "std": [
    0.08408942803469412,
    0.04743691074417597,
    12.316596377407066,
    0.6895059706887667,
    0.14560668382815203,
    0.06413092925919094,
    0.046992720005605504,
    0.1100843219666286
  ],
  "weights": [
    -0.9071580669916942,
    0.4238453261176539,
    -0.297061821446452,
    0.36264379950615744,
    0.47901692226161613,
    -0.9014677302153167,
    -0.28481611020144365,
    0.5429392559129484
  ],
  "bias": 0.026348099819969335
}